"Data Source","World Development Indicators",

"Last Updated Date","2025-03-24",

"Country Name","Country Code","Indicator Name","Indicator Code","1960","1961","1962","1963","1964","1965","1966","1967","1968","1969","1970","1971","1972","1973","1974","1975","1976","1977","1978","1979","1980","1981","1982","1983","1984","1985","1986","1987","1988","1989","1990","1991","1992","1993","1994","1995","1996","1997","1998","1999","2000","2001","2002","2003","2004","2005","2006","2007","2008","2009","2010","2011","2012","2013","2014","2015","2016","2017","2018","2019","2020","2021","2022","2023",
"Aruba","ABW","Depth of credit information index (0=low to 8=high)","IC.CRD.INFO.XQ","","","","","","","","","","","","","","","","","","","","","","","","","","","","","","","","","","","","","","","","","","","","","","","","","","","","","","","","","","","","","","","","",
"Africa Eastern and Southern","AFE","Depth of credit information index (0=low to 8=high)","IC.CRD.INFO.XQ","","","","","","","","","","","","","","","","","","","","","","","","","","","","","","","","","","","","","","","","","","","","","","","","","","","","","","2.24","2.4","3.26923076923077","3.76923076923077","4.34615384615385","4.42307692307692","4.5","","","","",
"Afghanistan","AFG","Depth of credit information index (0=low to 8=high)","IC.CRD.INFO.XQ","","","","","","","","","","","","","","","","","","","","","","","","","","","","","","","","","","","","","","","","","","","","","","","","","","","","","","0","0","0","0","0","0","0","","","","",
"Africa Western and Central","AFW","Depth of credit information index (0=low to 8=high)","IC.CRD.INFO.XQ","","","","","","","","","","","","","","","","","","","","","","","","","","","","","","","","","","","","","","","","","","","","","","","","","","","","","","0.772727272727273","1.13636363636364","1.22727272727273","1.27272727272727","1.54545454545455","1.95454545454545","3.18181818181818","","","","",
"Angola","AGO","Depth of credit information index (0=low to 8=high)","IC.CRD.INFO.XQ","","","","","","","","","","","","","","","","","","","","","","","","","","","","","","","","","","","","","","","","","","","","","","","","","","","","","","0","0","0","0","0","0","0","","","","",
"Albania","ALB","Depth of credit information index (0=low to 8=high)","IC.CRD.INFO.XQ","","","","","","","","","","","","","","","","","","","","","","","","","","","","","","","","","","","","","","","","","","","","","","","","","","","","","","6","6","6","6","6","6","6","","","","",
"Andorra","AND","Depth of credit information index (0=low to 8=high)","IC.CRD.INFO.XQ","","","","","","","","","","","","","","","","","","","","","","","","","","","","","","","","","","","","","","","","","","","","","","","","","","","","","","","","","","","","","","","","",
"Arab World","ARB","Depth of credit information index (0=low to 8=high)","IC.CRD.INFO.XQ","","","","","","","","","","","","","","","","","","","","","","","","","","","","","","","","","","","","","","","","","","","","","","","","","","","","","","3.38095238095238","3.47619047619048","3.54545454545455","3.77272727272727","4.13636363636364","4.27272727272727","4.54545454545455","","","","",
"United Arab Emirates","ARE","Depth of credit information index (0=low to 8=high)","IC.CRD.INFO.XQ","","","","","","","","","","","","","","","","","","","","","","","","","","","","","","","","","","","","","","","","","","","","","","","","","","","","","","6","7","7","7","8","8","8","","","","",
"Argentina","ARG","Depth of credit information index (0=low to 8=high)","IC.CRD.INFO.XQ","","","","","","","","","","","","","","","","","","","","","","","","","","","","","","","","","","","","","","","","","","","","","","","","","","","","","","8","8","8","8","8","8","8","","","","",
"Armenia","ARM","Depth of credit information index (0=low to 8=high)","IC.CRD.INFO.XQ","","","","","","","","","","","","","","","","","","","","","","","","","","","","","","","","","","","","","","","","","","","","","","","","","","","","","","8","8","8","8","8","8","8","","","","",
"American Samoa","ASM","Depth of credit information index (0=low to 8=high)","IC.CRD.INFO.XQ","","","","","","","","","","","","","","","","","","","","","","","","","","","","","","","","","","","","","","","","","","","","","","","","","","","","","","","","","","","","","","","","",
"Antigua and Barbuda","ATG","Depth of credit information index (0=low to 8=high)","IC.CRD.INFO.XQ","","","","","","","","","","","","","","","","","","","","","","","","","","","","","","","","","","","","","","","","","","","","","","","","","","","","","","0","0","0","0","0","0","0","","","","",
"Australia","AUS","Depth of credit information index (0=low to 8=high)","IC.CRD.INFO.XQ","","","","","","","","","","","","","","","","","","","","","","","","","","","","","","","","","","","","","","","","","","","","","","","","","","","","","","7","7","7","7","7","7","8","","","","",
"Austria","AUT","Depth of credit information index (0=low to 8=high)","IC.CRD.INFO.XQ","","","","","","","","","","","","","","","","","","","","","","","","","","","","","","","","","","","","","","","","","","","","","","","","","","","","","","7","7","7","7","7","7","7","","","","",
"Azerbaijan","AZE","Depth of credit information index (0=low to 8=high)","IC.CRD.INFO.XQ","","","","","","","","","","","","","","","","","","","","","","","","","","","","","","","","","","","","","","","","","","","","","","","","","","","","","","6","6","6","6","6","8","8","","","","",
"Burundi","BDI","Depth of credit information index (0=low to 8=high)","IC.CRD.INFO.XQ","","","","","","","","","","","","","","","","","","","","","","","","","","","","","","","","","","","","","","","","","","","","","","","","","","","","","","0","0","0","0","0","0","1","","","","",
"Belgium","BEL","Depth of credit information index (0=low to 8=high)","IC.CRD.INFO.XQ","","","","","","","","","","","","","","","","","","","","","","","","","","","","","","","","","","","","","","","","","","","","","","","","","","","","","","5","5","5","5","5","5","5","","","","",
"Benin","BEN","Depth of credit information index (0=low to 8=high)","IC.CRD.INFO.XQ","","","","","","","","","","","","","","","","","","","","","","","","","","","","","","","","","","","","","","","","","","","","","","","","","","","","","","0","0","0","0","0","0","0","","","","",
"Burkina Faso","BFA","Depth of credit information index (0=low to 8=high)","IC.CRD.INFO.XQ","","","","","","","","","","","","","","","","","","","","","","","","","","","","","","","","","","","","","","","","","","","","","","","","","","","","","","0","0","0","0","0","0","0","","","","",
"Bangladesh","BGD","Depth of credit information index (0=low to 8=high)","IC.CRD.INFO.XQ","","","","","","","","","","","","","","","","","","","","","","","","","","","","","","","","","","","","","","","","","","","","","","","","","","","","","","0","0","0","0","0","0","4","","","","",
"Bulgaria","BGR","Depth of credit information index (0=low to 8=high)","IC.CRD.INFO.XQ","","","","","","","","","","","","","","","","","","","","","","","","","","","","","","","","","","","","","","","","","","","","","","","","","","","","","","5","5","5","5","5","5","5","","","","",
"Bahrain","BHR","Depth of credit information index (0=low to 8=high)","IC.CRD.INFO.XQ","","","","","","","","","","","","","","","","","","","","","","","","","","","","","","","","","","","","","","","","","","","","","","","","","","","","","","6","7","7","8","8","8","8","","","","",
"Bahamas, The","BHS","Depth of credit information index (0=low to 8=high)","IC.CRD.INFO.XQ","","","","","","","","","","","","","","","","","","","","","","","","","","","","","","","","","","","","","","","","","","","","","","","","","","","","","","0","0","0","0","0","0","0","","","","",
"Bosnia and Herzegovina","BIH","Depth of credit information index (0=low to 8=high)","IC.CRD.INFO.XQ","","","","","","","","","","","","","","","","","","","","","","","","","","","","","","","","","","","","","","","","","","","","","","","","","","","","","","5","6","6","6","6","6","6","","","","",
"Belarus","BLR","Depth of credit information index (0=low to 8=high)","IC.CRD.INFO.XQ","","","","","","","","","","","","","","","","","","","","","","","","","","","","","","","","","","","","","","","","","","","","","","","","","","","","","","6","6","6","7","7","7","7","","","","",
"Belize","BLZ","Depth of credit information index (0=low to 8=high)","IC.CRD.INFO.XQ","","","","","","","","","","","","","","","","","","","","","","","","","","","","","","","","","","","","","","","","","","","","","","","","","","","","","","0","0","0","0","0","0","0","","","","",
"Bermuda","BMU","Depth of credit information index (0=low to 8=high)","IC.CRD.INFO.XQ","","","","","","","","","","","","","","","","","","","","","","","","","","","","","","","","","","","","","","","","","","","","","","","","","","","","","","","","","","","","","","","","",
"Bolivia","BOL","Depth of credit information index (0=low to 8=high)","IC.CRD.INFO.XQ","","","","","","","","","","","","","","","","","","","","","","","","","","","","","","","","","","","","","","","","","","","","","","","","","","","","","","7","7","7","7","7","7","7","","","","",
"Brazil","BRA","Depth of credit information index (0=low to 8=high)","IC.CRD.INFO.XQ","","","","","","","","","","","","","","","","","","","","","","","","","","","","","","","","","","","","","","","","","","","","","","","","","","","","","","7","7","7","7","7","8","8","","","","",
"Barbados","BRB","Depth of credit information index (0=low to 8=high)","IC.CRD.INFO.XQ","","","","","","","","","","","","","","","","","","","","","","","","","","","","","","","","","","","","","","","","","","","","","","","","","","","","","","0","0","0","0","0","0","0","","","","",
"Brunei Darussalam","BRN","Depth of credit information index (0=low to 8=high)","IC.CRD.INFO.XQ","","","","","","","","","","","","","","","","","","","","","","","","","","","","","","","","","","","","","","","","","","","","","","","","","","","","","","5","5","6","7","7","8","8","","","","",
"Bhutan","BTN","Depth of credit information index (0=low to 8=high)","IC.CRD.INFO.XQ","","","","","","","","","","","","","","","","","","","","","","","","","","","","","","","","","","","","","","","","","","","","","","","","","","","","","","6","6","6","6","7","7","7","","","","",
"Botswana","BWA","Depth of credit information index (0=low to 8=high)","IC.CRD.INFO.XQ","","","","","","","","","","","","","","","","","","","","","","","","","","","","","","","","","","","","","","","","","","","","","","","","","","","","","","7","7","7","7","7","7","7","","","","",
"Central African Republic","CAF","Depth of credit information index (0=low to 8=high)","IC.CRD.INFO.XQ","","","","","","","","","","","","","","","","","","","","","","","","","","","","","","","","","","","","","","","","","","","","","","","","","","","","","","0","0","0","0","0","0","1","","","","",
"Canada","CAN","Depth of credit information index (0=low to 8=high)","IC.CRD.INFO.XQ","","","","","","","","","","","","","","","","","","","","","","","","","","","","","","","","","","","","","","","","","","","","","","","","","","","","","","8","8","8","8","8","8","8","","","","",
"Central Europe and the Baltics","CEB","Depth of credit information index (0=low to 8=high)","IC.CRD.INFO.XQ","","","","","","","","","","","","","","","","","","","","","","","","","","","","","","","","","","","","","","","","","","","","","","","","","","","","","","6.27272727272727","6.27272727272727","6.36363636363636","6.54545454545455","6.81818181818182","6.81818181818182","6.72727272727273","","","","",
"Switzerland","CHE","Depth of credit information index (0=low to 8=high)","IC.CRD.INFO.XQ","","","","","","","","","","","","","","","","","","","","","","","","","","","","","","","","","","","","","","","","","","","","","","","","","","","","","","7","7","7","7","7","7","7","","","","",
"Channel Islands","CHI","Depth of credit information index (0=low to 8=high)","IC.CRD.INFO.XQ","","","","","","","","","","","","","","","","","","","","","","","","","","","","","","","","","","","","","","","","","","","","","","","","","","","","","","","","","","","","","","","","",
"Chile","CHL","Depth of credit information index (0=low to 8=high)","IC.CRD.INFO.XQ","","","","","","","","","","","","","","","","","","","","","","","","","","","","","","","","","","","","","","","","","","","","","","","","","","","","","","7","7","7","7","7","7","7","","","","",
"China","CHN","Depth of credit information index (0=low to 8=high)","IC.CRD.INFO.XQ","","","","","","","","","","","","","","","","","","","","","","","","","","","","","","","","","","","","","","","","","","","","","","","","","","","","","","6","6","6","8","8","8","8","","","","",
"Cote d'Ivoire","CIV","Depth of credit information index (0=low to 8=high)","IC.CRD.INFO.XQ","","","","","","","","","","","","","","","","","","","","","","","","","","","","","","","","","","","","","","","","","","","","","","","","","","","","","","0","0","0","0","0","8","8","","","","",
"Cameroon","CMR","Depth of credit information index (0=low to 8=high)","IC.CRD.INFO.XQ","","","","","","","","","","","","","","","","","","","","","","","","","","","","","","","","","","","","","","","","","","","","","","","","","","","","","","1","1","1","1","6","6","6","","","","",
"Congo, Dem. Rep.","COD","Depth of credit information index (0=low to 8=high)","IC.CRD.INFO.XQ","","","","","","","","","","","","","","","","","","","","","","","","","","","","","","","","","","","","","","","","","","","","","","","","","","","","","","0","0","0","0","0","0","0","","","","",
"Congo, Rep.","COG","Depth of credit information index (0=low to 8=high)","IC.CRD.INFO.XQ","","","","","","","","","","","","","","","","","","","","","","","","","","","","","","","","","","","","","","","","","","","","","","","","","","","","","","2","2","2","2","1","1","2","","","","",
"Colombia","COL","Depth of credit information index (0=low to 8=high)","IC.CRD.INFO.XQ","","","","","","","","","","","","","","","","","","","","","","","","","","","","","","","","","","","","","","","","","","","","","","","","","","","","","","7","7","7","7","7","7","7","","","","",
"Comoros","COM","Depth of credit information index (0=low to 8=high)","IC.CRD.INFO.XQ","","","","","","","","","","","","","","","","","","","","","","","","","","","","","","","","","","","","","","","","","","","","","","","","","","","","","","0","0","2","2","2","2","2","","","","",
"Cabo Verde","CPV","Depth of credit information index (0=low to 8=high)","IC.CRD.INFO.XQ","","","","","","","","","","","","","","","","","","","","","","","","","","","","","","","","","","","","","","","","","","","","","","","","","","","","","","6","6","6","6","6","6","6","","","","",
"Costa Rica","CRI","Depth of credit information index (0=low to 8=high)","IC.CRD.INFO.XQ","","","","","","","","","","","","","","","","","","","","","","","","","","","","","","","","","","","","","","","","","","","","","","","","","","","","","","7","7","7","7","7","7","7","","","","",
"Caribbean small states","CSS","Depth of credit information index (0=low to 8=high)","IC.CRD.INFO.XQ","","","","","","","","","","","","","","","","","","","","","","","","","","","","","","","","","","","","","","","","","","","","","","","","","","","","","","0","0","0","0.727272727272727","0.727272727272727","0.727272727272727","0.727272727272727","","","","",
"Cuba","CUB","Depth of credit information index (0=low to 8=high)","IC.CRD.INFO.XQ","","","","","","","","","","","","","","","","","","","","","","","","","","","","","","","","","","","","","","","","","","","","","","","","","","","","","","","","","","","","","","","","",
"Curacao","CUW","Depth of credit information index (0=low to 8=high)","IC.CRD.INFO.XQ","","","","","","","","","","","","","","","","","","","","","","","","","","","","","","","","","","","","","","","","","","","","","","","","","","","","","","","","","","","","","","","","",
"Cayman Islands","CYM","Depth of credit information index (0=low to 8=high)","IC.CRD.INFO.XQ","","","","","","","","","","","","","","","","","","","","","","","","","","","","","","","","","","","","","","","","","","","","","","","","","","","","","","","","","","","","","","","","",
"Cyprus","CYP","Depth of credit information index (0=low to 8=high)","IC.CRD.INFO.XQ","","","","","","","","","","","","","","","","","","","","","","","","","","","","","","","","","","","","","","","","","","","","","","","","","","","","","","3","4","6","5","5","5","5","","","","",
"Czechia","CZE","Depth of credit information index (0=low to 8=high)","IC.CRD.INFO.XQ","","","","","","","","","","","","","","","","","","","","","","","","","","","","","","","","","","","","","","","","","","","","","","","","","","","","","","7","7","7","7","7","7","7","","","","",
"Germany","DEU","Depth of credit information index (0=low to 8=high)","IC.CRD.INFO.XQ","","","","","","","","","","","","","","","","","","","","","","","","","","","","","","","","","","","","","","","","","","","","","","","","","","","","","","8","8","8","8","8","8","8","","","","",
"Djibouti","DJI","Depth of credit information index (0=low to 8=high)","IC.CRD.INFO.XQ","","","","","","","","","","","","","","","","","","","","","","","","","","","","","","","","","","","","","","","","","","","","","","","","","","","","","","0","0","0","0","0","0","0","","","","",
"Dominica","DMA","Depth of credit information index (0=low to 8=high)","IC.CRD.INFO.XQ","","","","","","","","","","","","","","","","","","","","","","","","","","","","","","","","","","","","","","","","","","","","","","","","","","","","","","0","0","0","0","0","0","0","","","","",
"Denmark","DNK","Depth of credit information index (0=low to 8=high)","IC.CRD.INFO.XQ","","","","","","","","","","","","","","","","","","","","","","","","","","","","","","","","","","","","","","","","","","","","","","","","","","","","","","6","6","6","6","6","6","6","","","","",
"Dominican Republic","DOM","Depth of credit information index (0=low to 8=high)","IC.CRD.INFO.XQ","","","","","","","","","","","","","","","","","","","","","","","","","","","","","","","","","","","","","","","","","","","","","","","","","","","","","","8","8","8","8","8","8","8","","","","",
"Algeria","DZA","Depth of credit information index (0=low to 8=high)","IC.CRD.INFO.XQ","","","","","","","","","","","","","","","","","","","","","","","","","","","","","","","","","","","","","","","","","","","","","","","","","","","","","","0","0","0","0","0","0","0","","","","",
"East Asia & Pacific (excluding high income)","EAP","Depth of credit information index (0=low to 8=high)","IC.CRD.INFO.XQ","","","","","","","","","","","","","","","","","","","","","","","","","","","","","","","","","","","","","","","","","","","","","","","","","","","","","","3.15","3.15","3.85","3.9","4","4.05","4.1","","","","",
"Early-demographic dividend","EAR","Depth of credit information index (0=low to 8=high)","IC.CRD.INFO.XQ","","","","","","","","","","","","","","","","","","","","","","","","","","","","","","","","","","","","","","","","","","","","","","","","","","","","","","4.16393442622951","4.29508196721311","4.57377049180328","4.75409836065574","4.9344262295082","5.01639344262295","5.29508196721311","","","","",
"East Asia & Pacific","EAS","Depth of credit information index (0=low to 8=high)","IC.CRD.INFO.XQ","","","","","","","","","","","","","","","","","","","","","","","","","","","","","","","","","","","","","","","","","","","","","","","","","","","","","","4.03448275862069","4.10344827586207","4.62068965517241","4.68965517241379","4.75862068965517","4.82758620689655","4.89655172413793","","","","",
"Europe & Central Asia (excluding high income)","ECA","Depth of credit information index (0=low to 8=high)","IC.CRD.INFO.XQ","","","","","","","","","","","","","","","","","","","","","","","","","","","","","","","","","","","","","","","","","","","","","","","","","","","","","","5.64705882352941","6.47058823529412","6.58823529411765","6.64705882352941","6.70588235294118","6.88235294117647","7","","","","",
"Europe & Central Asia","ECS","Depth of credit information index (0=low to 8=high)","IC.CRD.INFO.XQ","","","","","","","","","","","","","","","","","","","","","","","","","","","","","","","","","","","","","","","","","","","","","","","","","","","","","","5.85714285714286","6.16326530612245","6.26530612244898","6.30612244897959","6.40816326530612","6.44","6.46","","","","",
"Ecuador","ECU","Depth of credit information index (0=low to 8=high)","IC.CRD.INFO.XQ","","","","","","","","","","","","","","","","","","","","","","","","","","","","","","","","","","","","","","","","","","","","","","","","","","","","","","8","8","8","8","8","8","8","","","","",
"Egypt, Arab Rep.","EGY","Depth of credit information index (0=low to 8=high)","IC.CRD.INFO.XQ","","","","","","","","","","","","","","","","","","","","","","","","","","","","","","","","","","","","","","","","","","","","","","","","","","","","","","8","8","8","8","8","8","8","","","","",
"Euro area","EMU","Depth of credit information index (0=low to 8=high)","IC.CRD.INFO.XQ","","","","","","","","","","","","","","","","","","","","","","","","","","","","","","","","","","","","","","","","","","","","","","","","","","","","","","5.65","5.7","5.85","6.1","6.25","6.3","6.25","","","","",
"Eritrea","ERI","Depth of credit information index (0=low to 8=high)","IC.CRD.INFO.XQ","","","","","","","","","","","","","","","","","","","","","","","","","","","","","","","","","","","","","","","","","","","","","","","","","","","","","","0","0","0","0","0","0","0","","","","",
"Spain","ESP","Depth of credit information index (0=low to 8=high)","IC.CRD.INFO.XQ","","","","","","","","","","","","","","","","","","","","","","","","","","","","","","","","","","","","","","","","","","","","","","","","","","","","","","7","7","7","7","7","7","7","","","","",
"Estonia","EST","Depth of credit information index (0=low to 8=high)","IC.CRD.INFO.XQ","","","","","","","","","","","","","","","","","","","","","","","","","","","","","","","","","","","","","","","","","","","","","","","","","","","","","","7","7","7","7","7","7","7","","","","",
"Ethiopia","ETH","Depth of credit information index (0=low to 8=high)","IC.CRD.INFO.XQ","","","","","","","","","","","","","","","","","","","","","","","","","","","","","","","","","","","","","","","","","","","","","","","","","","","","","","0","0","0","0","0","0","0","","","","",
"European Union","EUU","Depth of credit information index (0=low to 8=high)","IC.CRD.INFO.XQ","","","","","","","","","","","","","","","","","","","","","","","","","","","","","","","","","","","","","","","","","","","","","","","","","","","","","","5.77777777777778","5.81481481481481","5.92592592592593","6.11111111111111","6.25925925925926","6.2962962962963","6.25925925925926","","","","",
"Fragile and conflict affected situations","FCS","Depth of credit information index (0=low to 8=high)","IC.CRD.INFO.XQ","","","","","","","","","","","","","","","","","","","","","","","","","","","","","","","","","","","","","","","","","","","","","","","","","","","","","","1.37837837837838","1.64864864864865","1.84210526315789","1.84210526315789","1.97368421052632","2.02631578947368","2.47368421052632","","","","",
"Finland","FIN","Depth of credit information index (0=low to 8=high)","IC.CRD.INFO.XQ","","","","","","","","","","","","","","","","","","","","","","","","","","","","","","","","","","","","","","","","","","","","","","","","","","","","","","6","6","6","6","6","6","6","","","","",
"Fiji","FJI","Depth of credit information index (0=low to 8=high)","IC.CRD.INFO.XQ","","","","","","","","","","","","","","","","","","","","","","","","","","","","","","","","","","","","","","","","","","","","","","","","","","","","","","5","5","5","0","0","0","0","","","","",
"France","FRA","Depth of credit information index (0=low to 8=high)","IC.CRD.INFO.XQ","","","","","","","","","","","","","","","","","","","","","","","","","","","","","","","","","","","","","","","","","","","","","","","","","","","","","","6","6","6","6","6","6","6","","","","",
"Faroe Islands","FRO","Depth of credit information index (0=low to 8=high)","IC.CRD.INFO.XQ","","","","","","","","","","","","","","","","","","","","","","","","","","","","","","","","","","","","","","","","","","","","","","","","","","","","","","","","","","","","","","","","",
"Micronesia, Fed. Sts.","FSM","Depth of credit information index (0=low to 8=high)","IC.CRD.INFO.XQ","","","","","","","","","","","","","","","","","","","","","","","","","","","","","","","","","","","","","","","","","","","","","","","","","","","","","","0","0","0","0","0","0","0","","","","",
"Gabon","GAB","Depth of credit information index (0=low to 8=high)","IC.CRD.INFO.XQ","","","","","","","","","","","","","","","","","","","","","","","","","","","","","","","","","","","","","","","","","","","","","","","","","","","","","","2","2","2","2","2","2","2","","","","",
"United Kingdom","GBR","Depth of credit information index (0=low to 8=high)","IC.CRD.INFO.XQ","","","","","","","","","","","","","","","","","","","","","","","","","","","","","","","","","","","","","","","","","","","","","","","","","","","","","","8","8","8","8","8","8","8","","","","",
"Georgia","GEO","Depth of credit information index (0=low to 8=high)","IC.CRD.INFO.XQ","","","","","","","","","","","","","","","","","","","","","","","","","","","","","","","","","","","","","","","","","","","","","","","","","","","","","","8","8","8","8","8","8","8","","","","",
"Ghana","GHA","Depth of credit information index (0=low to 8=high)","IC.CRD.INFO.XQ","","","","","","","","","","","","","","","","","","","","","","","","","","","","","","","","","","","","","","","","","","","","","","","","","","","","","","6","6","6","6","6","6","6","","","","",
"Gibraltar","GIB","Depth of credit information index (0=low to 8=high)","IC.CRD.INFO.XQ","","","","","","","","","","","","","","","","","","","","","","","","","","","","","","","","","","","","","","","","","","","","","","","","","","","","","","","","","","","","","","","","",
"Guinea","GIN","Depth of credit information index (0=low to 8=high)","IC.CRD.INFO.XQ","","","","","","","","","","","","","","","","","","","","","","","","","","","","","","","","","","","","","","","","","","","","","","","","","","","","","","0","0","0","0","0","0","0","","","","",
"Gambia, The","GMB","Depth of credit information index (0=low to 8=high)","IC.CRD.INFO.XQ","","","","","","","","","","","","","","","","","","","","","","","","","","","","","","","","","","","","","","","","","","","","","","","","","","","","","","0","0","0","0","0","0","0","","","","",
"Guinea-Bissau","GNB","Depth of credit information index (0=low to 8=high)","IC.CRD.INFO.XQ","","","","","","","","","","","","","","","","","","","","","","","","","","","","","","","","","","","","","","","","","","","","","","","","","","","","","","0","0","0","0","0","0","0","","","","",
"Equatorial Guinea","GNQ","Depth of credit information index (0=low to 8=high)","IC.CRD.INFO.XQ","","","","","","","","","","","","","","","","","","","","","","","","","","","","","","","","","","","","","","","","","","","","","","","","","","","","","","0","2","2","2","2","2","2","","","","",
"Greece","GRC","Depth of credit information index (0=low to 8=high)","IC.CRD.INFO.XQ","","","","","","","","","","","","","","","","","","","","","","","","","","","","","","","","","","","","","","","","","","","","","","","","","","","","","","7","7","7","7","7","7","7","","","","",
"Grenada","GRD","Depth of credit information index (0=low to 8=high)","IC.CRD.INFO.XQ","","","","","","","","","","","","","","","","","","","","","","","","","","","","","","","","","","","","","","","","","","","","","","","","","","","","","","0","0","0","0","0","0","0","","","","",
"Greenland","GRL","Depth of credit information index (0=low to 8=high)","IC.CRD.INFO.XQ","","","","","","","","","","","","","","","","","","","","","","","","","","","","","","","","","","","","","","","","","","","","","","","","","","","","","","","","","","","","","","","","",
"Guatemala","GTM","Depth of credit information index (0=low to 8=high)","IC.CRD.INFO.XQ","","","","","","","","","","","","","","","","","","","","","","","","","","","","","","","","","","","","","","","","","","","","","","","","","","","","","","8","8","8","8","8","8","8","","","","",
"Guam","GUM","Depth of credit information index (0=low to 8=high)","IC.CRD.INFO.XQ","","","","","","","","","","","","","","","","","","","","","","","","","","","","","","","","","","","","","","","","","","","","","","","","","","","","","","","","","","","","","","","","",
"Guyana","GUY","Depth of credit information index (0=low to 8=high)","IC.CRD.INFO.XQ","","","","","","","","","","","","","","","","","","","","","","","","","","","","","","","","","","","","","","","","","","","","","","","","","","","","","","0","0","0","8","8","8","8","","","","",
"High income","HIC","Depth of credit information index (0=low to 8=high)","IC.CRD.INFO.XQ","","","","","","","","","","","","","","","","","","","","","","","","","","","","","","","","","","","","","","","","","","","","","","","","","","","","","","5.48387096774194","5.58064516129032","5.7258064516129","5.96774193548387","6.06451612903226","6.09523809523809","6.15873015873016","","","","",
"Hong Kong SAR, China","HKG","Depth of credit information index (0=low to 8=high)","IC.CRD.INFO.XQ","","","","","","","","","","","","","","","","","","","","","","","","","","","","","","","","","","","","","","","","","","","","","","","","","","","","","","7","7","7","7","7","7","7","","","","",
"Honduras","HND","Depth of credit information index (0=low to 8=high)","IC.CRD.INFO.XQ","","","","","","","","","","","","","","","","","","","","","","","","","","","","","","","","","","","","","","","","","","","","","","","","","","","","","","8","8","8","8","8","8","8","","","","",
"Heavily indebted poor countries (HIPC)","HPC","Depth of credit information index (0=low to 8=high)","IC.CRD.INFO.XQ","","","","","","","","","","","","","","","","","","","","","","","","","","","","","","","","","","","","","","","","","","","","","","","","","","","","","","1.28947368421053","1.44736842105263","1.74358974358974","2.17948717948718","2.61538461538462","2.84615384615385","3.69230769230769","","","","",
"Croatia","HRV","Depth of credit information index (0=low to 8=high)","IC.CRD.INFO.XQ","","","","","","","","","","","","","","","","","","","","","","","","","","","","","","","","","","","","","","","","","","","","","","","","","","","","","","6","6","6","6","6","6","5","","","","",
"Haiti","HTI","Depth of credit information index (0=low to 8=high)","IC.CRD.INFO.XQ","","","","","","","","","","","","","","","","","","","","","","","","","","","","","","","","","","","","","","","","","","","","","","","","","","","","","","0","0","0","0","0","0","5","","","","",
"Hungary","HUN","Depth of credit information index (0=low to 8=high)","IC.CRD.INFO.XQ","","","","","","","","","","","","","","","","","","","","","","","","","","","","","","","","","","","","","","","","","","","","","","","","","","","","","","5","5","5","5","6","6","6","","","","",
"IBRD only","IBD","Depth of credit information index (0=low to 8=high)","IC.CRD.INFO.XQ","","","","","","","","","","","","","","","","","","","","","","","","","","","","","","","","","","","","","","","","","","","","","","","","","","","","","","5.28787878787879","5.53030303030303","5.66666666666667","5.78787878787879","5.90909090909091","6.01515151515152","6.04545454545455","","","","",
"IDA & IBRD total","IBT","Depth of credit information index (0=low to 8=high)","IC.CRD.INFO.XQ","","","","","","","","","","","","","","","","","","","","","","","","","","","","","","","","","","","","","","","","","","","","","","","","","","","","","","3.31205673758865","3.5531914893617","3.83802816901408","4.04929577464789","4.27464788732394","4.40140845070423","4.72535211267606","","","","",
"IDA total","IDA","Depth of credit information index (0=low to 8=high)","IC.CRD.INFO.XQ","","","","","","","","","","","","","","","","","","","","","","","","","","","","","","","","","","","","","","","","","","","","","","","","","","","","","","1.57333333333333","1.81333333333333","2.25","2.53947368421053","2.85526315789474","3","3.57894736842105","","","","",
"IDA blend","IDB","Depth of credit information index (0=low to 8=high)","IC.CRD.INFO.XQ","","","","","","","","","","","","","","","","","","","","","","","","","","","","","","","","","","","","","","","","","","","","","","","","","","","","","","2.23529411764706","2.58823529411765","3.35294117647059","3.29411764705882","3.70588235294118","3.82352941176471","3.94117647058824","","","","",
"Indonesia","IDN","Depth of credit information index (0=low to 8=high)","IC.CRD.INFO.XQ","","","","","","","","","","","","","","","","","","","","","","","","","","","","","","","","","","","","","","","","","","","","","","","","","","","","","","6","6","6","6","7","8","8","","","","",
"IDA only","IDX","Depth of credit information index (0=low to 8=high)","IC.CRD.INFO.XQ","","","","","","","","","","","","","","","","","","","","","","","","","","","","","","","","","","","","","","","","","","","","","","","","","","","","","","1.37931034482759","1.58620689655172","1.93220338983051","2.32203389830508","2.61016949152542","2.76271186440678","3.47457627118644","","","","",
"Isle of Man","IMN","Depth of credit information index (0=low to 8=high)","IC.CRD.INFO.XQ","","","","","","","","","","","","","","","","","","","","","","","","","","","","","","","","","","","","","","","","","","","","","","","","","","","","","","","","","","","","","","","","",
"India","IND","Depth of credit information index (0=low to 8=high)","IC.CRD.INFO.XQ","","","","","","","","","","","","","","","","","","","","","","","","","","","","","","","","","","","","","","","","","","","","","","","","","","","","","","7","7","7","7","7","7","7","","","","",
"Not classified","INX","Depth of credit information index (0=low to 8=high)","IC.CRD.INFO.XQ","","","","","","","","","","","","","","","","","","","","","","","","","","","","","","","","","","","","","","","","","","","","","","","","","","","","","","","","","","","","","","","","",
"Ireland","IRL","Depth of credit information index (0=low to 8=high)","IC.CRD.INFO.XQ","","","","","","","","","","","","","","","","","","","","","","","","","","","","","","","","","","","","","","","","","","","","","","","","","","","","","","7","7","7","7","7","7","7","","","","",
"Iran, Islamic Rep.","IRN","Depth of credit information index (0=low to 8=high)","IC.CRD.INFO.XQ","","","","","","","","","","","","","","","","","","","","","","","","","","","","","","","","","","","","","","","","","","","","","","","","","","","","","","7","7","7","7","8","8","8","","","","",
"Iraq","IRQ","Depth of credit information index (0=low to 8=high)","IC.CRD.INFO.XQ","","","","","","","","","","","","","","","","","","","","","","","","","","","","","","","","","","","","","","","","","","","","","","","","","","","","","","0","0","0","0","0","0","0","","","","",
"Iceland","ISL","Depth of credit information index (0=low to 8=high)","IC.CRD.INFO.XQ","","","","","","","","","","","","","","","","","","","","","","","","","","","","","","","","","","","","","","","","","","","","","","","","","","","","","","7","7","7","7","7","7","7","","","","",
"Israel","ISR","Depth of credit information index (0=low to 8=high)","IC.CRD.INFO.XQ","","","","","","","","","","","","","","","","","","","","","","","","","","","","","","","","","","","","","","","","","","","","","","","","","","","","","","7","7","7","7","7","7","8","","","","",
"Italy","ITA","Depth of credit information index (0=low to 8=high)","IC.CRD.INFO.XQ","","","","","","","","","","","","","","","","","","","","","","","","","","","","","","","","","","","","","","","","","","","","","","","","","","","","","","7","7","7","7","7","7","7","","","","",
"Jamaica","JAM","Depth of credit information index (0=low to 8=high)","IC.CRD.INFO.XQ","","","","","","","","","","","","","","","","","","","","","","","","","","","","","","","","","","","","","","","","","","","","","","","","","","","","","","0","6","7","7","7","8","8","","","","",
"Jordan","JOR","Depth of credit information index (0=low to 8=high)","IC.CRD.INFO.XQ","","","","","","","","","","","","","","","","","","","","","","","","","","","","","","","","","","","","","","","","","","","","","","","","","","","","","","0","0","0","0","6","7","8","","","","",
"Japan","JPN","Depth of credit information index (0=low to 8=high)","IC.CRD.INFO.XQ","","","","","","","","","","","","","","","","","","","","","","","","","","","","","","","","","","","","","","","","","","","","","","","","","","","","","","6","6","6","6","6","6","6","","","","",
"Kazakhstan","KAZ","Depth of credit information index (0=low to 8=high)","IC.CRD.INFO.XQ","","","","","","","","","","","","","","","","","","","","","","","","","","","","","","","","","","","","","","","","","","","","","","","","","","","","","","7","7","7","7","7","7","8","","","","",
"Kenya","KEN","Depth of credit information index (0=low to 8=high)","IC.CRD.INFO.XQ","","","","","","","","","","","","","","","","","","","","","","","","","","","","","","","","","","","","","","","","","","","","","","","","","","","","","","0","0","7","7","8","8","8","","","","",
"Kyrgyz Republic","KGZ","Depth of credit information index (0=low to 8=high)","IC.CRD.INFO.XQ","","","","","","","","","","","","","","","","","","","","","","","","","","","","","","","","","","","","","","","","","","","","","","","","","","","","","","5","5","6","6","7","7","8","","","","",
"Cambodia","KHM","Depth of credit information index (0=low to 8=high)","IC.CRD.INFO.XQ","","","","","","","","","","","","","","","","","","","","","","","","","","","","","","","","","","","","","","","","","","","","","","","","","","","","","","5","5","5","6","6","6","6","","","","",
"Kiribati","KIR","Depth of credit information index (0=low to 8=high)","IC.CRD.INFO.XQ","","","","","","","","","","","","","","","","","","","","","","","","","","","","","","","","","","","","","","","","","","","","","","","","","","","","","","0","0","0","0","0","0","0","","","","",
"St. Kitts and Nevis","KNA","Depth of credit information index (0=low to 8=high)","IC.CRD.INFO.XQ","","","","","","","","","","","","","","","","","","","","","","","","","","","","","","","","","","","","","","","","","","","","","","","","","","","","","","0","0","0","0","0","0","0","","","","",
"Korea, Rep.","KOR","Depth of credit information index (0=low to 8=high)","IC.CRD.INFO.XQ","","","","","","","","","","","","","","","","","","","","","","","","","","","","","","","","","","","","","","","","","","","","","","","","","","","","","","8","8","8","8","8","8","8","","","","",
"Kuwait","KWT","Depth of credit information index (0=low to 8=high)","IC.CRD.INFO.XQ","","","","","","","","","","","","","","","","","","","","","","","","","","","","","","","","","","","","","","","","","","","","","","","","","","","","","","6","6","6","6","6","6","8","","","","",
"Latin America & Caribbean (excluding high income)","LAC","Depth of credit information index (0=low to 8=high)","IC.CRD.INFO.XQ","","","","","","","","","","","","","","","","","","","","","","","","","","","","","","","","","","","","","","","","","","","","","","","","","","","","","","4.81818181818182","5.13636363636364","5.18181818181818","5.13636363636364","5.13636363636364","5.22727272727273","5.45454545454545","","","","",
"Lao PDR","LAO","Depth of credit information index (0=low to 8=high)","IC.CRD.INFO.XQ","","","","","","","","","","","","","","","","","","","","","","","","","","","","","","","","","","","","","","","","","","","","","","","","","","","","","","0","0","6","6","6","6","6","","","","",
"Lebanon","LBN","Depth of credit information index (0=low to 8=high)","IC.CRD.INFO.XQ","","","","","","","","","","","","","","","","","","","","","","","","","","","","","","","","","","","","","","","","","","","","","","","","","","","","","","6","6","6","6","6","6","6","","","","",
"Liberia","LBR","Depth of credit information index (0=low to 8=high)","IC.CRD.INFO.XQ","","","","","","","","","","","","","","","","","","","","","","","","","","","","","","","","","","","","","","","","","","","","","","","","","","","","","","0","0","0","0","0","0","0","","","","",
"Libya","LBY","Depth of credit information index (0=low to 8=high)","IC.CRD.INFO.XQ","","","","","","","","","","","","","","","","","","","","","","","","","","","","","","","","","","","","","","","","","","","","","","","","","","","","","","0","0","0","0","0","0","0","","","","",
"St. Lucia","LCA","Depth of credit information index (0=low to 8=high)","IC.CRD.INFO.XQ","","","","","","","","","","","","","","","","","","","","","","","","","","","","","","","","","","","","","","","","","","","","","","","","","","","","","","0","0","0","0","0","0","0","","","","",
"Latin America & Caribbean","LCN","Depth of credit information index (0=low to 8=high)","IC.CRD.INFO.XQ","","","","","","","","","","","","","","","","","","","","","","","","","","","","","","","","","","","","","","","","","","","","","","","","","","","","","","4.48484848484848","4.72727272727273","4.75757575757576","4.96969696969697","4.96969696969697","5.03030303030303","5.18181818181818","","","","",
"Least developed countries: UN classification","LDC","Depth of credit information index (0=low to 8=high)","IC.CRD.INFO.XQ","","","","","","","","","","","","","","","","","","","","","","","","","","","","","","","","","","","","","","","","","","","","","","","","","","","","","","0.627906976744186","0.744186046511628","1.15909090909091","1.5","1.81818181818182","1.84090909090909","2.77272727272727","","","","",
"Low income","LIC","Depth of credit information index (0=low to 8=high)","IC.CRD.INFO.XQ","","","","","","","","","","","","","","","","","","","","","","","","","","","","","","","","","","","","","","","","","","","","","","","","","","","","","","0.375","0.541666666666667","0.84","0.84","1.36","1.36","2.08","","","","",
"Liechtenstein","LIE","Depth of credit information index (0=low to 8=high)","IC.CRD.INFO.XQ","","","","","","","","","","","","","","","","","","","","","","","","","","","","","","","","","","","","","","","","","","","","","","","","","","","","","","","","","","","0","0","","","","",
"Sri Lanka","LKA","Depth of credit information index (0=low to 8=high)","IC.CRD.INFO.XQ","","","","","","","","","","","","","","","","","","","","","","","","","","","","","","","","","","","","","","","","","","","","","","","","","","","","","","6","6","6","6","6","6","6","","","","",
"Lower middle income","LMC","Depth of credit information index (0=low to 8=high)","IC.CRD.INFO.XQ","","","","","","","","","","","","","","","","","","","","","","","","","","","","","","","","","","","","","","","","","","","","","","","","","","","","","","2.90196078431373","3.17647058823529","3.74509803921569","4.19607843137255","4.50980392156863","4.74509803921569","5.29411764705882","","","","",
"Low & middle income","LMY","Depth of credit information index (0=low to 8=high)","IC.CRD.INFO.XQ","","","","","","","","","","","","","","","","","","","","","","","","","","","","","","","","","","","","","","","","","","","","","","","","","","","","","","3.22222222222222","3.48412698412698","3.77165354330709","3.94488188976378","4.19685039370079","4.33858267716535","4.70866141732283","","","","",
"Lesotho","LSO","Depth of credit information index (0=low to 8=high)","IC.CRD.INFO.XQ","","","","","","","","","","","","","","","","","","","","","","","","","","","","","","","","","","","","","","","","","","","","","","","","","","","","","","0","0","0","5","6","6","6","","","","",
"Late-demographic dividend","LTE","Depth of credit information index (0=low to 8=high)","IC.CRD.INFO.XQ","","","","","","","","","","","","","","","","","","","","","","","","","","","","","","","","","","","","","","","","","","","","","","","","","","","","","","5.39583333333333","5.70833333333333","5.97916666666667","6.22916666666667","6.29166666666667","6.41666666666667","6.54166666666667","","","","",
"Lithuania","LTU","Depth of credit information index (0=low to 8=high)","IC.CRD.INFO.XQ","","","","","","","","","","","","","","","","","","","","","","","","","","","","","","","","","","","","","","","","","","","","","","","","","","","","","","8","8","8","8","8","8","8","","","","",
"Luxembourg","LUX","Depth of credit information index (0=low to 8=high)","IC.CRD.INFO.XQ","","","","","","","","","","","","","","","","","","","","","","","","","","","","","","","","","","","","","","","","","","","","","","","","","","","","","","0","0","0","0","0","0","0","","","","",
"Latvia","LVA","Depth of credit information index (0=low to 8=high)","IC.CRD.INFO.XQ","","","","","","","","","","","","","","","","","","","","","","","","","","","","","","","","","","","","","","","","","","","","","","","","","","","","","","6","6","6","8","8","8","8","","","","",
"Macao SAR, China","MAC","Depth of credit information index (0=low to 8=high)","IC.CRD.INFO.XQ","","","","","","","","","","","","","","","","","","","","","","","","","","","","","","","","","","","","","","","","","","","","","","","","","","","","","","","","","","","","","","","","",
"St. Martin (French part)","MAF","Depth of credit information index (0=low to 8=high)","IC.CRD.INFO.XQ","","","","","","","","","","","","","","","","","","","","","","","","","","","","","","","","","","","","","","","","","","","","","","","","","","","","","","","","","","","","","","","","",
"Morocco","MAR","Depth of credit information index (0=low to 8=high)","IC.CRD.INFO.XQ","","","","","","","","","","","","","","","","","","","","","","","","","","","","","","","","","","","","","","","","","","","","","","","","","","","","","","6","6","6","7","7","7","7","","","","",
"Monaco","MCO","Depth of credit information index (0=low to 8=high)","IC.CRD.INFO.XQ","","","","","","","","","","","","","","","","","","","","","","","","","","","","","","","","","","","","","","","","","","","","","","","","","","","","","","","","","","","","","","","","",
"Moldova","MDA","Depth of credit information index (0=low to 8=high)","IC.CRD.INFO.XQ","","","","","","","","","","","","","","","","","","","","","","","","","","","","","","","","","","","","","","","","","","","","","","","","","","","","","","0","6","6","6","6","6","6","","","","",
"Madagascar","MDG","Depth of credit information index (0=low to 8=high)","IC.CRD.INFO.XQ","","","","","","","","","","","","","","","","","","","","","","","","","","","","","","","","","","","","","","","","","","","","","","","","","","","","","","0","0","0","0","6","6","6","","","","",
"Maldives","MDV","Depth of credit information index (0=low to 8=high)","IC.CRD.INFO.XQ","","","","","","","","","","","","","","","","","","","","","","","","","","","","","","","","","","","","","","","","","","","","","","","","","","","","","","5","5","5","5","5","5","5","","","","",
"Middle East & North Africa","MEA","Depth of credit information index (0=low to 8=high)","IC.CRD.INFO.XQ","","","","","","","","","","","","","","","","","","","","","","","","","","","","","","","","","","","","","","","","","","","","","","","","","","","","","","4.04761904761905","4.14285714285714","4.19047619047619","4.57142857142857","5","5.14285714285714","5.38095238095238","","","","",
"Mexico","MEX","Depth of credit information index (0=low to 8=high)","IC.CRD.INFO.XQ","","","","","","","","","","","","","","","","","","","","","","","","","","","","","","","","","","","","","","","","","","","","","","","","","","","","","","8","8","8","8","8","8","8","","","","",
"Marshall Islands","MHL","Depth of credit information index (0=low to 8=high)","IC.CRD.INFO.XQ","","","","","","","","","","","","","","","","","","","","","","","","","","","","","","","","","","","","","","","","","","","","","","","","","","","","","","0","0","0","0","0","0","0","","","","",
"Middle income","MIC","Depth of credit information index (0=low to 8=high)","IC.CRD.INFO.XQ","","","","","","","","","","","","","","","","","","","","","","","","","","","","","","","","","","","","","","","","","","","","","","","","","","","","","","3.8921568627451","4.17647058823529","4.49019607843137","4.70588235294118","4.8921568627451","5.06862745098039","5.35294117647059","","","","",
"North Macedonia","MKD","Depth of credit information index (0=low to 8=high)","IC.CRD.INFO.XQ","","","","","","","","","","","","","","","","","","","","","","","","","","","","","","","","","","","","","","","","","","","","","","","","","","","","","","7","7","7","7","7","7","7","","","","",
"Mali","MLI","Depth of credit information index (0=low to 8=high)","IC.CRD.INFO.XQ","","","","","","","","","","","","","","","","","","","","","","","","","","","","","","","","","","","","","","","","","","","","","","","","","","","","","","0","0","0","0","0","0","0","","","","",
"Malta","MLT","Depth of credit information index (0=low to 8=high)","IC.CRD.INFO.XQ","","","","","","","","","","","","","","","","","","","","","","","","","","","","","","","","","","","","","","","","","","","","","","","","","","","","","","0","0","0","4","4","5","5","","","","",
"Myanmar","MMR","Depth of credit information index (0=low to 8=high)","IC.CRD.INFO.XQ","","","","","","","","","","","","","","","","","","","","","","","","","","","","","","","","","","","","","","","","","","","","","","","","","","","","","","0","0","0","0","0","0","0","","","","",
"Middle East & North Africa (excluding high income)","MNA","Depth of credit information index (0=low to 8=high)","IC.CRD.INFO.XQ","","","","","","","","","","","","","","","","","","","","","","","","","","","","","","","","","","","","","","","","","","","","","","","","","","","","","","3.15384615384615","3.15384615384615","3.23076923076923","3.46153846153846","4","4.07692307692308","4.15384615384615","","","","",
"Montenegro","MNE","Depth of credit information index (0=low to 8=high)","IC.CRD.INFO.XQ","","","","","","","","","","","","","","","","","","","","","","","","","","","","","","","","","","","","","","","","","","","","","","","","","","","","","","5","5","5","5","5","5","5","","","","",
"Mongolia","MNG","Depth of credit information index (0=low to 8=high)","IC.CRD.INFO.XQ","","","","","","","","","","","","","","","","","","","","","","","","","","","","","","","","","","","","","","","","","","","","","","","","","","","","","","6","6","7","7","7","7","7","","","","",
"Northern Mariana Islands","MNP","Depth of credit information index (0=low to 8=high)","IC.CRD.INFO.XQ","","","","","","","","","","","","","","","","","","","","","","","","","","","","","","","","","","","","","","","","","","","","","","","","","","","","","","","","","","","","","","","","",
"Mozambique","MOZ","Depth of credit information index (0=low to 8=high)","IC.CRD.INFO.XQ","","","","","","","","","","","","","","","","","","","","","","","","","","","","","","","","","","","","","","","","","","","","","","","","","","","","","","0","4","4","4","4","4","4","","","","",
"Mauritania","MRT","Depth of credit information index (0=low to 8=high)","IC.CRD.INFO.XQ","","","","","","","","","","","","","","","","","","","","","","","","","","","","","","","","","","","","","","","","","","","","","","","","","","","","","","0","0","2","3","3","4","6","","","","",
"Mauritius","MUS","Depth of credit information index (0=low to 8=high)","IC.CRD.INFO.XQ","","","","","","","","","","","","","","","","","","","","","","","","","","","","","","","","","","","","","","","","","","","","","","","","","","","","","","7","7","7","7","7","7","7","","","","",
"Malawi","MWI","Depth of credit information index (0=low to 8=high)","IC.CRD.INFO.XQ","","","","","","","","","","","","","","","","","","","","","","","","","","","","","","","","","","","","","","","","","","","","","","","","","","","","","","0","0","0","0","7","7","7","","","","",
"Malaysia","MYS","Depth of credit information index (0=low to 8=high)","IC.CRD.INFO.XQ","","","","","","","","","","","","","","","","","","","","","","","","","","","","","","","","","","","","","","","","","","","","","","","","","","","","","","7","7","7","8","8","8","8","","","","",
"North America","NAC","Depth of credit information index (0=low to 8=high)","IC.CRD.INFO.XQ","","","","","","","","","","","","","","","","","","","","","","","","","","","","","","","","","","","","","","","","","","","","","","","","","","","","","","8","8","8","8","8","8","8","","","","",
"Namibia","NAM","Depth of credit information index (0=low to 8=high)","IC.CRD.INFO.XQ","","","","","","","","","","","","","","","","","","","","","","","","","","","","","","","","","","","","","","","","","","","","","","","","","","","","","","6","6","7","7","7","7","7","","","","",
"New Caledonia","NCL","Depth of credit information index (0=low to 8=high)","IC.CRD.INFO.XQ","","","","","","","","","","","","","","","","","","","","","","","","","","","","","","","","","","","","","","","","","","","","","","","","","","","","","","","","","","","","","","","","",
"Niger","NER","Depth of credit information index (0=low to 8=high)","IC.CRD.INFO.XQ","","","","","","","","","","","","","","","","","","","","","","","","","","","","","","","","","","","","","","","","","","","","","","","","","","","","","","0","0","0","0","0","0","8","","","","",
"Nigeria","NGA","Depth of credit information index (0=low to 8=high)","IC.CRD.INFO.XQ","","","","","","","","","","","","","","","","","","","","","","","","","","","","","","","","","","","","","","","","","","","","","","","","","","","","","","0","6","6","6","8","8","8","","","","",
"Nicaragua","NIC","Depth of credit information index (0=low to 8=high)","IC.CRD.INFO.XQ","","","","","","","","","","","","","","","","","","","","","","","","","","","","","","","","","","","","","","","","","","","","","","","","","","","","","","7","8","8","8","8","8","8","","","","",
"Netherlands","NLD","Depth of credit information index (0=low to 8=high)","IC.CRD.INFO.XQ","","","","","","","","","","","","","","","","","","","","","","","","","","","","","","","","","","","","","","","","","","","","","","","","","","","","","","6","6","6","6","7","7","7","","","","",
"Norway","NOR","Depth of credit information index (0=low to 8=high)","IC.CRD.INFO.XQ","","","","","","","","","","","","","","","","","","","","","","","","","","","","","","","","","","","","","","","","","","","","","","","","","","","","","","6","6","6","6","6","6","6","","","","",
"Nepal","NPL","Depth of credit information index (0=low to 8=high)","IC.CRD.INFO.XQ","","","","","","","","","","","","","","","","","","","","","","","","","","","","","","","","","","","","","","","","","","","","","","","","","","","","","","0","0","0","0","0","0","5","","","","",
"Nauru","NRU","Depth of credit information index (0=low to 8=high)","IC.CRD.INFO.XQ","","","","","","","","","","","","","","","","","","","","","","","","","","","","","","","","","","","","","","","","","","","","","","","","","","","","","","","","","","","","","","","","",
"New Zealand","NZL","Depth of credit information index (0=low to 8=high)","IC.CRD.INFO.XQ","","","","","","","","","","","","","","","","","","","","","","","","","","","","","","","","","","","","","","","","","","","","","","","","","","","","","","7","8","8","8","8","8","8","","","","",
"OECD members","OED","Depth of credit information index (0=low to 8=high)","IC.CRD.INFO.XQ","","","","","","","","","","","","","","","","","","","","","","","","","","","","","","","","","","","","","","","","","","","","","","","","","","","","","","6.55263157894737","6.60526315789474","6.63157894736842","6.68421052631579","6.78947368421053","6.81578947368421","6.86842105263158","","","","",
"Oman","OMN","Depth of credit information index (0=low to 8=high)","IC.CRD.INFO.XQ","","","","","","","","","","","","","","","","","","","","","","","","","","","","","","","","","","","","","","","","","","","","","","","","","","","","","","6","6","6","6","6","6","6","","","","",
"Other small states","OSS","Depth of credit information index (0=low to 8=high)","IC.CRD.INFO.XQ","","","","","","","","","","","","","","","","","","","","","","","","","","","","","","","","","","","","","","","","","","","","","","","","","","","","","","4","4.11111111111111","4.66666666666667","4.94444444444444","5.05555555555556","5.44444444444444","5.44444444444444","","","","",
"Pakistan","PAK","Depth of credit information index (0=low to 8=high)","IC.CRD.INFO.XQ","","","","","","","","","","","","","","","","","","","","","","","","","","","","","","","","","","","","","","","","","","","","","","","","","","","","","","3","3","3","7","7","7","7","","","","",
"Panama","PAN","Depth of credit information index (0=low to 8=high)","IC.CRD.INFO.XQ","","","","","","","","","","","","","","","","","","","","","","","","","","","","","","","","","","","","","","","","","","","","","","","","","","","","","","8","8","8","8","8","8","8","","","","",
"Peru","PER","Depth of credit information index (0=low to 8=high)","IC.CRD.INFO.XQ","","","","","","","","","","","","","","","","","","","","","","","","","","","","","","","","","","","","","","","","","","","","","","","","","","","","","","8","8","8","8","8","8","8","","","","",
"Philippines","PHL","Depth of credit information index (0=low to 8=high)","IC.CRD.INFO.XQ","","","","","","","","","","","","","","","","","","","","","","","","","","","","","","","","","","","","","","","","","","","","","","","","","","","","","","6","6","6","7","7","7","7","","","","",
"Palau","PLW","Depth of credit information index (0=low to 8=high)","IC.CRD.INFO.XQ","","","","","","","","","","","","","","","","","","","","","","","","","","","","","","","","","","","","","","","","","","","","","","","","","","","","","","0","0","0","0","0","0","0","","","","",
"Papua New Guinea","PNG","Depth of credit information index (0=low to 8=high)","IC.CRD.INFO.XQ","","","","","","","","","","","","","","","","","","","","","","","","","","","","","","","","","","","","","","","","","","","","","","","","","","","","","","0","0","5","5","5","5","5","","","","",
"Poland","POL","Depth of credit information index (0=low to 8=high)","IC.CRD.INFO.XQ","","","","","","","","","","","","","","","","","","","","","","","","","","","","","","","","","","","","","","","","","","","","","","","","","","","","","","8","8","8","8","8","8","8","","","","",
"Pre-demographic dividend","PRE","Depth of credit information index (0=low to 8=high)","IC.CRD.INFO.XQ","","","","","","","","","","","","","","","","","","","","","","","","","","","","","","","","","","","","","","","","","","","","","","","","","","","","","","0.361111111111111","0.722222222222222","1.21621621621622","1.45945945945946","2","2.24324324324324","3","","","","",
"Puerto Rico","PRI","Depth of credit information index (0=low to 8=high)","IC.CRD.INFO.XQ","","","","","","","","","","","","","","","","","","","","","","","","","","","","","","","","","","","","","","","","","","","","","","","","","","","","","","7","7","7","7","7","7","7","","","","",
"Korea, Dem. People's Rep.","PRK","Depth of credit information index (0=low to 8=high)","IC.CRD.INFO.XQ","","","","","","","","","","","","","","","","","","","","","","","","","","","","","","","","","","","","","","","","","","","","","","","","","","","","","","","","","","","","","","","","",
"Portugal","PRT","Depth of credit information index (0=low to 8=high)","IC.CRD.INFO.XQ","","","","","","","","","","","","","","","","","","","","","","","","","","","","","","","","","","","","","","","","","","","","","","","","","","","","","","7","7","7","7","7","7","7","","","","",
"Paraguay","PRY","Depth of credit information index (0=low to 8=high)","IC.CRD.INFO.XQ","","","","","","","","","","","","","","","","","","","","","","","","","","","","","","","","","","","","","","","","","","","","","","","","","","","","","","8","8","8","7","7","7","7","","","","",
"West Bank and Gaza","PSE","Depth of credit information index (0=low to 8=high)","IC.CRD.INFO.XQ","","","","","","","","","","","","","","","","","","","","","","","","","","","","","","","","","","","","","","","","","","","","","","","","","","","","","","7","7","8","8","8","8","8","","","","",
"Pacific island small states","PSS","Depth of credit information index (0=low to 8=high)","IC.CRD.INFO.XQ","","","","","","","","","","","","","","","","","","","","","","","","","","","","","","","","","","","","","","","","","","","","","","","","","","","","","","1.22222222222222","1.22222222222222","1.33333333333333","0.777777777777778","0.888888888888889","0.888888888888889","0.888888888888889","","","","",
"Post-demographic dividend","PST","Depth of credit information index (0=low to 8=high)","IC.CRD.INFO.XQ","","","","","","","","","","","","","","","","","","","","","","","","","","","","","","","","","","","","","","","","","","","","","","","","","","","","","","5.80555555555556","5.86111111111111","5.86111111111111","6","6.11111111111111","6.13888888888889","6.13888888888889","","","","",
"French Polynesia","PYF","Depth of credit information index (0=low to 8=high)","IC.CRD.INFO.XQ","","","","","","","","","","","","","","","","","","","","","","","","","","","","","","","","","","","","","","","","","","","","","","","","","","","","","","","","","","","","","","","","",
"Qatar","QAT","Depth of credit information index (0=low to 8=high)","IC.CRD.INFO.XQ","","","","","","","","","","","","","","","","","","","","","","","","","","","","","","","","","","","","","","","","","","","","","","","","","","","","","","5","5","5","5","6","7","8","","","","",
"Romania","ROU","Depth of credit information index (0=low to 8=high)","IC.CRD.INFO.XQ","","","","","","","","","","","","","","","","","","","","","","","","","","","","","","","","","","","","","","","","","","","","","","","","","","","","","","7","7","7","7","7","7","7","","","","",
"Russian Federation","RUS","Depth of credit information index (0=low to 8=high)","IC.CRD.INFO.XQ","","","","","","","","","","","","","","","","","","","","","","","","","","","","","","","","","","","","","","","","","","","","","","","","","","","","","","7","7","7","7","7","7","7","","","","",
"Rwanda","RWA","Depth of credit information index (0=low to 8=high)","IC.CRD.INFO.XQ","","","","","","","","","","","","","","","","","","","","","","","","","","","","","","","","","","","","","","","","","","","","","","","","","","","","","","7","7","8","8","8","8","8","","","","",
"South Asia","SAS","Depth of credit information index (0=low to 8=high)","IC.CRD.INFO.XQ","","","","","","","","","","","","","","","","","","","","","","","","","","","","","","","","","","","","","","","","","","","","","","","","","","","","","","3.375","3.375","3.375","3.875","4","4","5.125","","","","",
"Saudi Arabia","SAU","Depth of credit information index (0=low to 8=high)","IC.CRD.INFO.XQ","","","","","","","","","","","","","","","","","","","","","","","","","","","","","","","","","","","","","","","","","","","","","","","","","","","","","","8","8","8","8","8","8","8","","","","",
"Sudan","SDN","Depth of credit information index (0=low to 8=high)","IC.CRD.INFO.XQ","","","","","","","","","","","","","","","","","","","","","","","","","","","","","","","","","","","","","","","","","","","","","","","","","","","","","","0","0","0","0","0","0","0","","","","",
"Senegal","SEN","Depth of credit information index (0=low to 8=high)","IC.CRD.INFO.XQ","","","","","","","","","","","","","","","","","","","","","","","","","","","","","","","","","","","","","","","","","","","","","","","","","","","","","","0","0","0","0","0","0","7","","","","",
"Singapore","SGP","Depth of credit information index (0=low to 8=high)","IC.CRD.INFO.XQ","","","","","","","","","","","","","","","","","","","","","","","","","","","","","","","","","","","","","","","","","","","","","","","","","","","","","","7","7","7","7","7","7","7","","","","",
"Solomon Islands","SLB","Depth of credit information index (0=low to 8=high)","IC.CRD.INFO.XQ","","","","","","","","","","","","","","","","","","","","","","","","","","","","","","","","","","","","","","","","","","","","","","","","","","","","","","0","0","0","0","0","0","0","","","","",
"Sierra Leone","SLE","Depth of credit information index (0=low to 8=high)","IC.CRD.INFO.XQ","","","","","","","","","","","","","","","","","","","","","","","","","","","","","","","","","","","","","","","","","","","","","","","","","","","","","","0","0","0","0","0","0","0","","","","",
"El Salvador","SLV","Depth of credit information index (0=low to 8=high)","IC.CRD.INFO.XQ","","","","","","","","","","","","","","","","","","","","","","","","","","","","","","","","","","","","","","","","","","","","","","","","","","","","","","7","7","7","7","7","7","7","","","","",
"San Marino","SMR","Depth of credit information index (0=low to 8=high)","IC.CRD.INFO.XQ","","","","","","","","","","","","","","","","","","","","","","","","","","","","","","","","","","","","","","","","","","","","","","","","","","","","","","0","0","0","0","0","5","5","","","","",
"Somalia","SOM","Depth of credit information index (0=low to 8=high)","IC.CRD.INFO.XQ","","","","","","","","","","","","","","","","","","","","","","","","","","","","","","","","","","","","","","","","","","","","","","","","","","","","","","","","0","0","0","0","0","","","","",
"Serbia","SRB","Depth of credit information index (0=low to 8=high)","IC.CRD.INFO.XQ","","","","","","","","","","","","","","","","","","","","","","","","","","","","","","","","","","","","","","","","","","","","","","","","","","","","","","7","7","7","7","7","7","7","","","","",
"Sub-Saharan Africa (excluding high income)","SSA","Depth of credit information index (0=low to 8=high)","IC.CRD.INFO.XQ","","","","","","","","","","","","","","","","","","","","","","","","","","","","","","","","","","","","","","","","","","","","","","","","","","","","","","1.58695652173913","1.84782608695652","2.27659574468085","2.57446808510638","3.02127659574468","3.25531914893617","3.87234042553191","","","","",
"South Sudan","SSD","Depth of credit information index (0=low to 8=high)","IC.CRD.INFO.XQ","","","","","","","","","","","","","","","","","","","","","","","","","","","","","","","","","","","","","","","","","","","","","","","","","","","","","","0","0","0","0","0","0","0","","","","",
"Sub-Saharan Africa","SSF","Depth of credit information index (0=low to 8=high)","IC.CRD.INFO.XQ","","","","","","","","","","","","","","","","","","","","","","","","","","","","","","","","","","","","","","","","","","","","","","","","","","","","","","1.5531914893617","1.80851063829787","2.33333333333333","2.625","3.0625","3.29166666666667","3.89583333333333","","","","",
"Small states","SST","Depth of credit information index (0=low to 8=high)","IC.CRD.INFO.XQ","","","","","","","","","","","","","","","","","","","","","","","","","","","","","","","","","","","","","","","","","","","","","","","","","","","","","","2.18421052631579","2.23684210526316","2.52631578947368","2.73684210526316","2.81578947368421","3","3","","","","",
"Sao Tome and Principe","STP","Depth of credit information index (0=low to 8=high)","IC.CRD.INFO.XQ","","","","","","","","","","","","","","","","","","","","","","","","","","","","","","","","","","","","","","","","","","","","","","","","","","","","","","5","5","5","5","5","5","5","","","","",
"Suriname","SUR","Depth of credit information index (0=low to 8=high)","IC.CRD.INFO.XQ","","","","","","","","","","","","","","","","","","","","","","","","","","","","","","","","","","","","","","","","","","","","","","","","","","","","","","0","0","0","0","0","0","0","","","","",
"Slovak Republic","SVK","Depth of credit information index (0=low to 8=high)","IC.CRD.INFO.XQ","","","","","","","","","","","","","","","","","","","","","","","","","","","","","","","","","","","","","","","","","","","","","","","","","","","","","","6","6","7","7","7","7","7","","","","",
"Slovenia","SVN","Depth of credit information index (0=low to 8=high)","IC.CRD.INFO.XQ","","","","","","","","","","","","","","","","","","","","","","","","","","","","","","","","","","","","","","","","","","","","","","","","","","","","","","4","4","4","4","6","6","6","","","","",
"Sweden","SWE","Depth of credit information index (0=low to 8=high)","IC.CRD.INFO.XQ","","","","","","","","","","","","","","","","","","","","","","","","","","","","","","","","","","","","","","","","","","","","","","","","","","","","","","5","5","5","5","5","5","5","","","","",
"Eswatini","SWZ","Depth of credit information index (0=low to 8=high)","IC.CRD.INFO.XQ","","","","","","","","","","","","","","","","","","","","","","","","","","","","","","","","","","","","","","","","","","","","","","","","","","","","","","6","6","6","6","7","7","7","","","","",
"Sint Maarten (Dutch part)","SXM","Depth of credit information index (0=low to 8=high)","IC.CRD.INFO.XQ","","","","","","","","","","","","","","","","","","","","","","","","","","","","","","","","","","","","","","","","","","","","","","","","","","","","","","","","","","","","","","","","",
"Seychelles","SYC","Depth of credit information index (0=low to 8=high)","IC.CRD.INFO.XQ","","","","","","","","","","","","","","","","","","","","","","","","","","","","","","","","","","","","","","","","","","","","","","","","","","","","","","0","0","5","5","5","5","5","","","","",
"Syrian Arab Republic","SYR","Depth of credit information index (0=low to 8=high)","IC.CRD.INFO.XQ","","","","","","","","","","","","","","","","","","","","","","","","","","","","","","","","","","","","","","","","","","","","","","","","","","","","","","2","2","2","2","2","2","2","","","","",
"Turks and Caicos Islands","TCA","Depth of credit information index (0=low to 8=high)","IC.CRD.INFO.XQ","","","","","","","","","","","","","","","","","","","","","","","","","","","","","","","","","","","","","","","","","","","","","","","","","","","","","","","","","","","","","","","","",
"Chad","TCD","Depth of credit information index (0=low to 8=high)","IC.CRD.INFO.XQ","","","","","","","","","","","","","","","","","","","","","","","","","","","","","","","","","","","","","","","","","","","","","","","","","","","","","","0","0","0","0","0","0","0","","","","",
"East Asia & Pacific (IDA & IBRD countries)","TEA","Depth of credit information index (0=low to 8=high)","IC.CRD.INFO.XQ","","","","","","","","","","","","","","","","","","","","","","","","","","","","","","","","","","","","","","","","","","","","","","","","","","","","","","3","3","3.66666666666667","3.71428571428571","3.80952380952381","3.85714285714286","3.9047619047619","","","","",
"Europe & Central Asia (IDA & IBRD countries)","TEC","Depth of credit information index (0=low to 8=high)","IC.CRD.INFO.XQ","","","","","","","","","","","","","","","","","","","","","","","","","","","","","","","","","","","","","","","","","","","","","","","","","","","","","","5.86363636363636","6.5","6.59090909090909","6.63636363636364","6.68181818181818","6.81818181818182","6.86363636363636","","","","",
"Togo","TGO","Depth of credit information index (0=low to 8=high)","IC.CRD.INFO.XQ","","","","","","","","","","","","","","","","","","","","","","","","","","","","","","","","","","","","","","","","","","","","","","","","","","","","","","0","0","0","0","0","0","8","","","","",
"Thailand","THA","Depth of credit information index (0=low to 8=high)","IC.CRD.INFO.XQ","","","","","","","","","","","","","","","","","","","","","","","","","","","","","","","","","","","","","","","","","","","","","","","","","","","","","","6","6","6","7","7","7","7","","","","",
"Tajikistan","TJK","Depth of credit information index (0=low to 8=high)","IC.CRD.INFO.XQ","","","","","","","","","","","","","","","","","","","","","","","","","","","","","","","","","","","","","","","","","","","","","","","","","","","","","","0","6","7","7","7","7","7","","","","",
"Turkmenistan","TKM","Depth of credit information index (0=low to 8=high)","IC.CRD.INFO.XQ","","","","","","","","","","","","","","","","","","","","","","","","","","","","","","","","","","","","","","","","","","","","","","","","","","","","","","","","","","","","","","","","",
"Latin America & the Caribbean (IDA & IBRD countries)","TLA","Depth of credit information index (0=low to 8=high)","IC.CRD.INFO.XQ","","","","","","","","","","","","","","","","","","","","","","","","","","","","","","","","","","","","","","","","","","","","","","","","","","","","","","4.54838709677419","4.80645161290323","4.83870967741935","5.06451612903226","5.06451612903226","5.12903225806452","5.29032258064516","","","","",
"Timor-Leste","TLS","Depth of credit information index (0=low to 8=high)","IC.CRD.INFO.XQ","","","","","","","","","","","","","","","","","","","","","","","","","","","","","","","","","","","","","","","","","","","","","","","","","","","","","","4","4","4","4","4","4","4","","","","",
"Middle East & North Africa (IDA & IBRD countries)","TMN","Depth of credit information index (0=low to 8=high)","IC.CRD.INFO.XQ","","","","","","","","","","","","","","","","","","","","","","","","","","","","","","","","","","","","","","","","","","","","","","","","","","","","","","2.83333333333333","2.83333333333333","2.83333333333333","3.08333333333333","3.66666666666667","3.75","3.83333333333333","","","","",
"Tonga","TON","Depth of credit information index (0=low to 8=high)","IC.CRD.INFO.XQ","","","","","","","","","","","","","","","","","","","","","","","","","","","","","","","","","","","","","","","","","","","","","","","","","","","","","","3","3","3","3","4","4","4","","","","",
"South Asia (IDA & IBRD)","TSA","Depth of credit information index (0=low to 8=high)","IC.CRD.INFO.XQ","","","","","","","","","","","","","","","","","","","","","","","","","","","","","","","","","","","","","","","","","","","","","","","","","","","","","","3.375","3.375","3.375","3.875","4","4","5.125","","","","",
"Sub-Saharan Africa (IDA & IBRD countries)","TSS","Depth of credit information index (0=low to 8=high)","IC.CRD.INFO.XQ","","","","","","","","","","","","","","","","","","","","","","","","","","","","","","","","","","","","","","","","","","","","","","","","","","","","","","1.5531914893617","1.80851063829787","2.33333333333333","2.625","3.0625","3.29166666666667","3.89583333333333","","","","",
"Trinidad and Tobago","TTO","Depth of credit information index (0=low to 8=high)","IC.CRD.INFO.XQ","","","","","","","","","","","","","","","","","","","","","","","","","","","","","","","","","","","","","","","","","","","","","","","","","","","","","","6","6","6","6","6","6","6","","","","",
"Tunisia","TUN","Depth of credit information index (0=low to 8=high)","IC.CRD.INFO.XQ","","","","","","","","","","","","","","","","","","","","","","","","","","","","","","","","","","","","","","","","","","","","","","","","","","","","","","5","5","5","7","7","7","7","","","","",
"Turkiye","TUR","Depth of credit information index (0=low to 8=high)","IC.CRD.INFO.XQ","","","","","","","","","","","","","","","","","","","","","","","","","","","","","","","","","","","","","","","","","","","","","","","","","","","","","","6","7","7","7","7","8","8","","","","",
"Tuvalu","TUV","Depth of credit information index (0=low to 8=high)","IC.CRD.INFO.XQ","","","","","","","","","","","","","","","","","","","","","","","","","","","","","","","","","","","","","","","","","","","","","","","","","","","","","","","","","","","","","","","","",
"Tanzania","TZA","Depth of credit information index (0=low to 8=high)","IC.CRD.INFO.XQ","","","","","","","","","","","","","","","","","","","","","","","","","","","","","","","","","","","","","","","","","","","","","","","","","","","","","","0","0","0","8","8","8","8","","","","",
"Uganda","UGA","Depth of credit information index (0=low to 8=high)","IC.CRD.INFO.XQ","","","","","","","","","","","","","","","","","","","","","","","","","","","","","","","","","","","","","","","","","","","","","","","","","","","","","","0","0","7","7","7","7","7","","","","",
"Ukraine","UKR","Depth of credit information index (0=low to 8=high)","IC.CRD.INFO.XQ","","","","","","","","","","","","","","","","","","","","","","","","","","","","","","","","","","","","","","","","","","","","","","","","","","","","","","7","7","7","7","7","7","7","","","","",
"Upper middle income","UMC","Depth of credit information index (0=low to 8=high)","IC.CRD.INFO.XQ","","","","","","","","","","","","","","","","","","","","","","","","","","","","","","","","","","","","","","","","","","","","","","","","","","","","","","4.88235294117647","5.17647058823529","5.23529411764706","5.2156862745098","5.27450980392157","5.3921568627451","5.41176470588235","","","","",
"Uruguay","URY","Depth of credit information index (0=low to 8=high)","IC.CRD.INFO.XQ","","","","","","","","","","","","","","","","","","","","","","","","","","","","","","","","","","","","","","","","","","","","","","","","","","","","","","7","8","8","8","8","8","8","","","","",
"United States","USA","Depth of credit information index (0=low to 8=high)","IC.CRD.INFO.XQ","","","","","","","","","","","","","","","","","","","","","","","","","","","","","","","","","","","","","","","","","","","","","","","","","","","","","","8","8","8","8","8","8","8","","","","",
"Uzbekistan","UZB","Depth of credit information index (0=low to 8=high)","IC.CRD.INFO.XQ","","","","","","","","","","","","","","","","","","","","","","","","","","","","","","","","","","","","","","","","","","","","","","","","","","","","","","7","7","7","7","7","7","7","","","","",
"St. Vincent and the Grenadines","VCT","Depth of credit information index (0=low to 8=high)","IC.CRD.INFO.XQ","","","","","","","","","","","","","","","","","","","","","","","","","","","","","","","","","","","","","","","","","","","","","","","","","","","","","","0","0","0","0","0","0","0","","","","",
"Venezuela, RB","VEN","Depth of credit information index (0=low to 8=high)","IC.CRD.INFO.XQ","","","","","","","","","","","","","","","","","","","","","","","","","","","","","","","","","","","","","","","","","","","","","","","","","","","","","","7","7","7","7","7","7","7","","","","",
"British Virgin Islands","VGB","Depth of credit information index (0=low to 8=high)","IC.CRD.INFO.XQ","","","","","","","","","","","","","","","","","","","","","","","","","","","","","","","","","","","","","","","","","","","","","","","","","","","","","","","","","","","","","","","","",
"Virgin Islands (U.S.)","VIR","Depth of credit information index (0=low to 8=high)","IC.CRD.INFO.XQ","","","","","","","","","","","","","","","","","","","","","","","","","","","","","","","","","","","","","","","","","","","","","","","","","","","","","","","","","","","","","","","","",
"Viet Nam","VNM","Depth of credit information index (0=low to 8=high)","IC.CRD.INFO.XQ","","","","","","","","","","","","","","","","","","","","","","","","","","","","","","","","","","","","","","","","","","","","","","","","","","","","","","6","6","7","7","7","7","8","","","","",
"Vanuatu","VUT","Depth of credit information index (0=low to 8=high)","IC.CRD.INFO.XQ","","","","","","","","","","","","","","","","","","","","","","","","","","","","","","","","","","","","","","","","","","","","","","","","","","","","","","3","3","4","4","4","4","4","","","","",
"World","WLD","Depth of credit information index (0=low to 8=high)","IC.CRD.INFO.XQ","","","","","","","","","","","","","","","","","","","","","","","","","","","","","","","","","","","","","","","","","","","","","","","","","","","","","","3.98412698412698","4.19047619047619","4.42631578947368","4.62105263157895","4.82105263157895","4.93193717277487","5.19895287958115","","","","",
"Samoa","WSM","Depth of credit information index (0=low to 8=high)","IC.CRD.INFO.XQ","","","","","","","","","","","","","","","","","","","","","","","","","","","","","","","","","","","","","","","","","","","","","","","","","","","","","","0","0","0","0","0","0","0","","","","",
"Kosovo","XKX","Depth of credit information index (0=low to 8=high)","IC.CRD.INFO.XQ","","","","","","","","","","","","","","","","","","","","","","","","","","","","","","","","","","","","","","","","","","","","","","","","","","","","","","6","6","6","6","6","6","6","","","","",
"Yemen, Rep.","YEM","Depth of credit information index (0=low to 8=high)","IC.CRD.INFO.XQ","","","","","","","","","","","","","","","","","","","","","","","","","","","","","","","","","","","","","","","","","","","","","","","","","","","","","","0","0","0","0","0","0","0","","","","",
"South Africa","ZAF","Depth of credit information index (0=low to 8=high)","IC.CRD.INFO.XQ","","","","","","","","","","","","","","","","","","","","","","","","","","","","","","","","","","","","","","","","","","","","","","","","","","","","","","8","7","7","7","7","7","7","","","","",
"Zambia","ZMB","Depth of credit information index (0=low to 8=high)","IC.CRD.INFO.XQ","","","","","","","","","","","","","","","","","","","","","","","","","","","","","","","","","","","","","","","","","","","","","","","","","","","","","","6","7","8","8","8","8","8","","","","",
"Zimbabwe","ZWE","Depth of credit information index (0=low to 8=high)","IC.CRD.INFO.XQ","","","","","","","","","","","","","","","","","","","","","","","","","","","","","","","","","","","","","","","","","","","","","","","","","","","","","","4","4","5","5","4","6","7","","","","",
